2026-01-31T12:03:27.642725,INFO,payment,Cache hit
2026-01-31T12:03:27.723063,ERROR,orders,Timeout
2026-01-31T12:03:27.843969,INFO,orders,Request OK
2026-01-31T12:03:27.924480,INFO,orders,Request OK
2026-01-31T12:03:28.044800,ERROR,payment,Timeout
2026-01-31T12:03:28.125705,INFO,search,Cache hit
2026-01-31T12:03:28.245598,INFO,orders,User login
2026-01-31T12:03:28.326399,INFO,auth,User login
2026-01-31T12:03:28.446248,ERROR,auth,DB failure
2026-01-31T12:03:28.527398,WARN,payment,Request OK
2026-01-31T12:03:28.647326,INFO,orders,Request OK
2026-01-31T12:03:28.728562,WARN,payment,User login
2026-01-31T12:03:28.849223,INFO,payment,User login
2026-01-31T12:03:28.930337,INFO,payment,Cache hit
2026-01-31T12:03:29.051113,INFO,search,Cache hit
2026-01-31T12:03:29.131801,INFO,auth,Request OK
2026-01-31T12:03:29.252002,INFO,auth,Request OK
2026-01-31T12:03:29.333425,INFO,orders,User login
2026-01-31T12:03:29.453125,INFO,payment,User login
2026-01-31T12:03:29.534203,INFO,payment,User login
2026-01-31T12:03:29.654691,INFO,orders,Request OK
2026-01-31T12:03:29.735189,INFO,search,User login
2026-01-31T12:03:29.855819,INFO,search,User login
2026-01-31T12:03:29.936079,WARN,orders,User login
2026-01-31T12:03:30.056651,WARN,orders,Request OK
2026-01-31T12:03:30.137208,INFO,payment,User login
2026-01-31T12:03:30.257974,INFO,auth,User login
2026-01-31T12:03:30.337996,ERROR,auth,DB failure
2026-01-31T12:03:30.459048,INFO,auth,Request OK
2026-01-31T12:03:30.539000,INFO,auth,User login
2026-01-31T12:03:30.660633,INFO,search,Cache hit
2026-01-31T12:03:30.739857,INFO,search,User login
2026-01-31T12:03:30.861879,INFO,auth,Cache hit
2026-01-31T12:03:30.940603,ERROR,orders,DB failure
2026-01-31T12:03:31.063726,WARN,orders,Request OK
2026-01-31T12:03:31.142097,INFO,auth,Request OK
2026-01-31T12:03:31.264631,INFO,search,Cache hit
2026-01-31T12:03:31.343307,INFO,search,Cache hit
2026-01-31T12:03:31.465926,ERROR,orders,Null pointer
2026-01-31T12:03:31.543750,INFO,orders,Cache hit
2026-01-31T12:03:31.666671,INFO,orders,Request OK
2026-01-31T12:03:31.867467,INFO,auth,Request OK
2026-01-31T12:03:32.068444,INFO,orders,Request OK
2026-01-31T12:03:32.269533,INFO,orders,User login
2026-01-31T12:03:32.470346,INFO,search,Request OK
2026-01-31T12:03:32.671626,WARN,payment,Cache hit
2026-01-31T12:03:32.873567,INFO,auth,Cache hit
2026-01-31T12:03:33.075304,INFO,auth,Request OK
2026-01-31T12:03:33.276591,INFO,orders,Cache hit
2026-01-31T12:03:33.477428,INFO,payment,User login
2026-01-31T12:03:33.678382,INFO,payment,Request OK
2026-01-31T12:03:33.879912,INFO,search,User login
2026-01-31T12:03:34.080960,INFO,orders,Cache hit
2026-01-31T12:03:34.281437,INFO,auth,Cache hit
2026-01-31T12:03:34.482347,WARN,orders,User login
2026-01-31T12:03:34.683268,ERROR,search,Timeout
2026-01-31T12:03:34.884325,INFO,search,Request OK
2026-01-31T12:03:35.085596,ERROR,auth,Null pointer
2026-01-31T12:03:35.286449,INFO,auth,User login
2026-01-31T12:03:35.487268,WARN,orders,User login
2026-01-31T12:03:35.687833,INFO,orders,User login
2026-01-31T12:03:35.889242,INFO,auth,User login
2026-01-31T12:03:36.090156,INFO,search,Request OK
2026-01-31T12:03:36.290829,INFO,search,Cache hit
2026-01-31T12:03:36.492411,INFO,auth,Request OK
2026-01-31T12:03:36.693478,INFO,payment,Cache hit
2026-01-31T12:03:36.894573,INFO,search,Request OK
2026-01-31T12:03:37.096163,ERROR,payment,DB failure
2026-01-31T12:03:37.297207,INFO,orders,Cache hit
2026-01-31T12:03:37.497910,WARN,search,User login
2026-01-31T12:03:37.698470,ERROR,payment,Null pointer
2026-01-31T12:03:37.899070,ERROR,search,DB failure
2026-01-31T12:03:38.099768,ERROR,payment,Timeout
2026-01-31T12:03:38.300688,ERROR,payment,Null pointer
2026-01-31T12:03:38.501605,INFO,orders,Cache hit
2026-01-31T12:03:38.702660,ERROR,search,Timeout
2026-01-31T12:03:38.903326,INFO,auth,Cache hit
2026-01-31T12:03:39.104264,INFO,payment,User login
2026-01-31T12:03:39.305191,INFO,search,Request OK
2026-01-31T12:03:39.505588,INFO,auth,Request OK
2026-01-31T12:03:39.706337,INFO,search,Request OK
2026-01-31T12:03:39.907062,INFO,auth,Request OK
2026-01-31T12:03:40.107841,INFO,orders,Request OK
2026-01-31T12:03:40.308664,INFO,payment,Cache hit
2026-01-31T12:03:40.509369,WARN,orders,Cache hit
2026-01-31T12:03:40.710176,INFO,payment,Request OK
2026-01-31T12:03:40.911569,INFO,orders,Request OK
2026-01-31T12:03:41.112406,INFO,search,Cache hit
2026-01-31T12:03:41.313418,ERROR,orders,DB failure
2026-01-31T12:03:41.513930,INFO,payment,Request OK
2026-01-31T12:03:41.714801,INFO,search,User login
2026-01-31T12:03:41.916191,INFO,auth,Request OK
2026-01-31T12:03:42.117862,INFO,payment,User login
2026-01-31T12:03:42.318827,INFO,payment,Cache hit
2026-01-31T12:03:42.519389,INFO,payment,Request OK
2026-01-31T12:03:42.720734,ERROR,search,DB failure
2026-01-31T12:03:42.922370,INFO,search,User login
2026-01-31T12:03:43.123304,INFO,orders,Cache hit
2026-01-31T12:03:43.324283,INFO,search,Cache hit
2026-01-31T12:03:43.525526,INFO,search,Cache hit
2026-01-31T12:03:43.726717,INFO,payment,Cache hit
2026-01-31T12:03:43.928260,INFO,orders,Cache hit
2026-01-31T12:03:44.129253,INFO,orders,Cache hit
2026-01-31T12:03:44.330193,INFO,orders,User login
2026-01-31T12:03:44.531737,INFO,auth,User login
2026-01-31T12:03:44.733112,INFO,auth,User login
2026-01-31T12:03:44.934068,WARN,orders,Request OK
2026-01-31T12:03:45.135806,INFO,payment,Cache hit
2026-01-31T12:03:45.336627,INFO,orders,User login
2026-01-31T12:03:45.538078,INFO,search,Request OK
2026-01-31T12:03:45.738636,INFO,payment,Request OK
2026-01-31T12:03:45.939951,INFO,search,Cache hit
2026-01-31T12:03:46.142049,INFO,search,User login
2026-01-31T12:03:46.343612,ERROR,search,Null pointer
2026-01-31T12:03:46.544866,INFO,payment,Request OK
2026-01-31T12:03:46.746093,ERROR,payment,Timeout
2026-01-31T12:03:46.947800,INFO,auth,User login
2026-01-31T12:03:47.149179,ERROR,search,Null pointer
2026-01-31T12:03:47.350149,INFO,payment,Cache hit
2026-01-31T12:03:47.551617,WARN,payment,Request OK
2026-01-31T12:03:47.752770,INFO,orders,Cache hit
2026-01-31T12:03:47.953266,INFO,orders,Request OK
2026-01-31T12:03:48.154220,INFO,payment,User login
2026-01-31T12:03:48.355255,INFO,auth,User login
2026-01-31T12:03:48.556372,INFO,payment,Cache hit
2026-01-31T12:03:48.757006,INFO,payment,Request OK
2026-01-31T12:03:48.958808,INFO,auth,Request OK
2026-01-31T12:03:49.159787,INFO,auth,User login
2026-01-31T12:03:49.361303,ERROR,payment,Timeout
2026-01-31T12:03:49.563679,ERROR,search,DB failure
2026-01-31T12:03:49.766281,INFO,auth,User login
2026-01-31T12:03:49.967372,INFO,orders,Cache hit
2026-01-31T12:03:50.168461,INFO,auth,Cache hit
2026-01-31T12:03:50.370878,INFO,search,User login
2026-01-31T12:03:50.571646,ERROR,payment,Null pointer
2026-01-31T12:03:50.772551,INFO,search,Request OK
2026-01-31T12:03:50.974168,INFO,auth,User login
2026-01-31T12:03:51.175357,INFO,auth,Cache hit
2026-01-31T12:03:51.376817,INFO,orders,User login
2026-01-31T12:03:51.577636,ERROR,auth,DB failure
2026-01-31T12:03:51.779359,INFO,payment,User login
2026-01-31T12:03:51.982228,INFO,search,User login
2026-01-31T12:03:52.183511,INFO,auth,Request OK
2026-01-31T12:03:52.385375,INFO,orders,Request OK
2026-01-31T12:03:52.586840,ERROR,auth,Null pointer
2026-01-31T12:03:52.788132,INFO,search,User login
2026-01-31T12:03:52.989209,INFO,payment,User login
2026-01-31T12:03:53.190174,INFO,auth,Cache hit
2026-01-31T12:03:53.391217,ERROR,orders,Timeout
2026-01-31T12:03:53.591932,INFO,search,User login
2026-01-31T12:03:53.793094,INFO,payment,Request OK
2026-01-31T12:03:53.994453,INFO,auth,Request OK
2026-01-31T12:03:54.195507,INFO,orders,Request OK
2026-01-31T12:03:54.396836,WARN,orders,Request OK
2026-01-31T12:03:54.598321,INFO,payment,Request OK
2026-01-31T12:03:54.799574,INFO,payment,User login
2026-01-31T12:03:55.000408,INFO,orders,User login
2026-01-31T12:03:55.201921,INFO,auth,Cache hit
2026-01-31T12:03:55.403114,WARN,orders,Cache hit
2026-01-31T12:03:55.603881,INFO,orders,Cache hit
2026-01-31T12:03:55.805246,INFO,orders,User login
2026-01-31T12:03:56.006039,INFO,search,User login
2026-01-31T12:03:56.207270,INFO,payment,Request OK
2026-01-31T12:03:56.408601,INFO,auth,User login
2026-01-31T12:03:56.609914,ERROR,search,Timeout
2026-01-31T12:03:56.811709,INFO,auth,User login
2026-01-31T12:03:57.012975,INFO,auth,Request OK
2026-01-31T12:03:57.214178,INFO,auth,Cache hit
2026-01-31T12:03:57.415193,INFO,search,Request OK
2026-01-31T12:03:57.616423,INFO,orders,Cache hit
2026-01-31T12:03:57.817956,INFO,search,User login
2026-01-31T12:03:58.019525,INFO,search,User login
2026-01-31T12:03:58.220828,INFO,auth,User login
2026-01-31T12:03:58.422662,INFO,payment,Request OK
2026-01-31T12:03:58.624586,INFO,auth,Cache hit
2026-01-31T12:03:58.825636,INFO,orders,Cache hit
2026-01-31T12:03:59.026495,INFO,search,User login
2026-01-31T12:03:59.227601,INFO,auth,Request OK
2026-01-31T12:03:59.429151,WARN,search,Request OK
2026-01-31T12:03:59.630448,INFO,search,Request OK
2026-01-31T12:03:59.831369,WARN,auth,User login
2026-01-31T12:04:00.031981,INFO,search,Request OK
2026-01-31T12:04:00.232707,INFO,search,User login
2026-01-31T12:04:00.433730,ERROR,auth,Timeout
2026-01-31T12:04:00.634237,WARN,payment,User login
2026-01-31T12:04:00.834666,INFO,orders,Cache hit
2026-01-31T12:04:01.035774,INFO,auth,Request OK
2026-01-31T12:04:01.236910,INFO,orders,User login
2026-01-31T12:04:01.438137,INFO,payment,User login
2026-01-31T12:04:01.640092,ERROR,search,Null pointer
2026-01-31T12:04:01.841180,INFO,auth,Request OK
2026-01-31T12:04:02.042705,INFO,payment,User login
2026-01-31T12:04:02.243574,INFO,orders,Request OK
2026-01-31T12:04:02.445015,INFO,payment,User login
2026-01-31T12:04:02.645562,INFO,auth,User login
2026-01-31T12:04:02.846293,INFO,search,User login
2026-01-31T12:04:03.046988,ERROR,orders,Null pointer
2026-01-31T12:04:03.247764,INFO,payment,Request OK
2026-01-31T12:04:03.448220,INFO,payment,Cache hit
2026-01-31T12:04:03.649094,WARN,auth,User login
2026-01-31T12:04:03.850133,INFO,auth,Cache hit
2026-01-31T12:04:04.051171,INFO,search,Cache hit
2026-01-31T12:04:04.252384,WARN,auth,Cache hit
2026-01-31T12:04:04.452989,INFO,auth,User login
2026-01-31T12:04:04.653686,INFO,orders,Cache hit
2026-01-31T12:04:04.854221,INFO,search,Request OK
2026-01-31T12:04:05.055138,INFO,search,User login
2026-01-31T12:04:05.255923,INFO,orders,Cache hit
2026-01-31T12:04:05.456542,INFO,auth,Request OK
2026-01-31T12:04:05.657387,INFO,payment,Cache hit
2026-01-31T12:04:05.858203,ERROR,payment,DB failure
2026-01-31T12:04:06.059501,INFO,payment,Request OK
2026-01-31T12:04:06.260057,WARN,payment,Request OK
2026-01-31T12:04:06.461763,INFO,orders,Request OK
2026-01-31T12:04:06.662542,INFO,payment,Cache hit
2026-01-31T12:04:06.863271,INFO,auth,User login
2026-01-31T12:04:07.063820,INFO,payment,User login
2026-01-31T12:04:07.264754,INFO,payment,Request OK
2026-01-31T12:04:07.465580,ERROR,auth,DB failure
2026-01-31T12:04:07.666090,WARN,orders,Cache hit
2026-01-31T12:04:07.866806,INFO,orders,Cache hit
2026-01-31T12:04:08.067705,INFO,payment,User login
2026-01-31T12:04:08.268165,INFO,auth,Request OK
2026-01-31T12:04:08.468610,INFO,payment,Cache hit
2026-01-31T12:04:08.669425,INFO,search,User login
2026-01-31T12:04:08.870060,INFO,auth,User login
2026-01-31T12:04:09.070706,INFO,search,Request OK
2026-01-31T12:04:09.271362,INFO,orders,User login
2026-01-31T12:04:09.472259,WARN,auth,User login
2026-01-31T12:04:09.673369,INFO,payment,Request OK
2026-01-31T12:04:09.874137,INFO,orders,Request OK
2026-01-31T12:04:10.074960,INFO,auth,Cache hit
2026-01-31T12:04:10.275493,ERROR,auth,DB failure
2026-01-31T12:04:10.476280,INFO,auth,Cache hit
2026-01-31T12:04:10.676883,WARN,orders,Request OK
2026-01-31T12:04:10.877407,ERROR,search,Null pointer
2026-01-31T12:04:11.078234,INFO,payment,Request OK
2026-01-31T12:04:11.279107,ERROR,search,Timeout
2026-01-31T12:04:11.479814,INFO,orders,Request OK
2026-01-31T12:04:11.680623,INFO,payment,Cache hit
2026-01-31T12:04:11.881549,INFO,orders,User login
2026-01-31T12:04:12.082337,INFO,orders,User login
2026-01-31T12:04:12.283166,INFO,search,Cache hit
2026-01-31T12:04:12.484109,INFO,search,Request OK
2026-01-31T12:04:12.685245,INFO,search,User login
2026-01-31T12:04:12.886491,WARN,search,Cache hit
2026-01-31T12:04:13.087400,INFO,orders,Request OK
2026-01-31T12:04:13.288091,INFO,orders,User login
2026-01-31T12:04:13.488930,INFO,search,User login
2026-01-31T12:04:13.689928,INFO,orders,Cache hit
2026-01-31T12:04:13.890652,WARN,auth,Cache hit
2026-01-31T12:04:14.091935,INFO,auth,Cache hit
2026-01-31T12:04:14.293223,INFO,orders,User login
2026-01-31T12:04:14.494460,INFO,search,Cache hit
2026-01-31T12:04:14.695560,INFO,auth,Cache hit
2026-01-31T12:04:14.896617,INFO,search,Request OK
2026-01-31T12:04:15.097553,WARN,search,Cache hit
2026-01-31T12:04:15.298518,WARN,search,User login
2026-01-31T12:04:15.499238,INFO,search,Request OK
2026-01-31T12:04:15.700612,INFO,search,Request OK
2026-01-31T12:04:15.901852,INFO,orders,User login
2026-01-31T12:04:16.102552,INFO,auth,Cache hit
2026-01-31T12:04:16.303130,INFO,orders,Request OK
2026-01-31T12:04:16.503698,INFO,auth,Request OK
2026-01-31T12:04:16.706621,INFO,search,Request OK
2026-01-31T12:04:16.907768,INFO,auth,Cache hit
2026-01-31T12:04:17.108932,INFO,auth,User login
2026-01-31T12:04:17.310852,INFO,auth,Cache hit
2026-01-31T12:04:17.512078,INFO,payment,Cache hit
2026-01-31T12:04:17.713499,INFO,auth,Cache hit
2026-01-31T12:04:17.914515,INFO,orders,Request OK
2026-01-31T12:04:18.115740,INFO,auth,Cache hit
2026-01-31T12:04:18.316644,ERROR,orders,DB failure
2026-01-31T12:04:18.517866,INFO,orders,User login
2026-01-31T12:04:18.719587,INFO,payment,Cache hit
2026-01-31T12:04:18.921088,INFO,orders,User login
2026-01-31T12:04:19.122446,INFO,payment,User login
2026-01-31T12:04:19.323394,INFO,payment,User login
2026-01-31T12:04:19.524204,INFO,auth,Cache hit
2026-01-31T12:04:19.726138,INFO,auth,Cache hit
2026-01-31T12:04:19.926833,INFO,payment,User login
2026-01-31T12:04:20.128162,INFO,payment,Cache hit
2026-01-31T12:04:20.329194,INFO,payment,Cache hit
2026-01-31T12:04:20.530231,INFO,search,Cache hit
2026-01-31T12:04:20.731469,INFO,search,User login
2026-01-31T12:04:20.932229,INFO,search,Cache hit
2026-01-31T12:04:21.133550,ERROR,auth,Null pointer
2026-01-31T12:04:21.334655,INFO,search,User login
2026-01-31T12:04:21.535900,INFO,search,Request OK
2026-01-31T12:04:21.737229,INFO,auth,Cache hit
2026-01-31T12:04:21.938702,INFO,search,Request OK
2026-01-31T12:04:22.140288,WARN,orders,Request OK
2026-01-31T12:04:22.341207,INFO,orders,Request OK
2026-01-31T12:04:22.542319,INFO,orders,User login
2026-01-31T12:04:22.744593,INFO,auth,Request OK
2026-01-31T12:04:22.946373,ERROR,payment,Null pointer
2026-01-31T12:04:23.147158,INFO,search,Request OK
2026-01-31T12:04:23.347915,INFO,search,Request OK
2026-01-31T12:04:23.548996,INFO,search,Cache hit
2026-01-31T12:04:23.750373,INFO,orders,Cache hit
2026-01-31T12:04:23.951612,INFO,auth,User login
2026-01-31T12:04:24.152606,INFO,search,User login
2026-01-31T12:04:24.353684,INFO,search,Request OK
2026-01-31T12:04:24.554302,INFO,orders,Cache hit
2026-01-31T12:04:24.755539,WARN,search,User login
2026-01-31T12:04:24.956403,INFO,search,Cache hit
2026-01-31T12:04:25.157344,INFO,search,User login
2026-01-31T12:04:25.358769,INFO,auth,Cache hit
2026-01-31T12:04:25.559783,INFO,auth,Cache hit
2026-01-31T12:04:25.760989,INFO,auth,Cache hit
2026-01-31T12:04:25.962350,INFO,payment,User login
2026-01-31T12:04:26.163612,ERROR,auth,DB failure
2026-01-31T12:04:26.364528,WARN,search,User login
2026-01-31T12:04:26.565782,INFO,auth,User login
2026-01-31T12:04:26.766701,WARN,orders,Cache hit
2026-01-31T12:04:26.968053,INFO,search,Cache hit
2026-01-31T12:04:27.169897,INFO,search,Cache hit
2026-01-31T12:04:27.371501,INFO,orders,Cache hit
2026-01-31T12:04:27.572459,ERROR,orders,Null pointer
2026-01-31T12:04:27.773731,INFO,orders,User login
2026-01-31T12:04:27.975008,INFO,payment,Cache hit
2026-01-31T12:04:28.176062,INFO,search,User login
2026-01-31T12:04:28.377601,INFO,search,Cache hit
2026-01-31T12:04:28.578678,WARN,orders,User login
2026-01-31T12:04:28.780397,INFO,search,User login
2026-01-31T12:04:28.981272,INFO,auth,User login
2026-01-31T12:04:29.183510,INFO,auth,Cache hit
2026-01-31T12:04:29.384271,INFO,orders,Request OK
2026-01-31T12:04:29.585523,INFO,search,Request OK
2026-01-31T12:04:29.786355,INFO,search,Request OK
2026-01-31T12:04:29.987337,INFO,payment,Cache hit
2026-01-31T12:04:30.188852,INFO,orders,Request OK
2026-01-31T12:04:30.389688,INFO,payment,Request OK
2026-01-31T12:04:30.590423,INFO,payment,Request OK
2026-01-31T12:04:30.791046,INFO,payment,User login
2026-01-31T12:04:30.992187,INFO,orders,Cache hit
2026-01-31T12:04:31.193375,INFO,payment,User login
2026-01-31T12:04:31.394290,INFO,payment,Cache hit
2026-01-31T12:04:31.595900,INFO,auth,Request OK
2026-01-31T12:04:31.797170,INFO,auth,User login
2026-01-31T12:04:31.997784,INFO,search,Cache hit
2026-01-31T12:04:32.198751,INFO,payment,User login
2026-01-31T12:04:32.399537,INFO,search,Request OK
2026-01-31T12:04:32.601019,INFO,orders,Cache hit
2026-01-31T12:04:32.802337,INFO,orders,Request OK
2026-01-31T12:04:33.003164,INFO,search,User login
2026-01-31T12:04:33.203945,INFO,auth,Request OK
2026-01-31T12:04:33.405485,INFO,search,Cache hit
2026-01-31T12:04:33.606479,INFO,auth,Cache hit
2026-01-31T12:04:33.807751,INFO,payment,User login
2026-01-31T12:04:34.008499,INFO,auth,User login
2026-01-31T12:04:34.209974,INFO,payment,User login
2026-01-31T12:04:34.410755,INFO,payment,Cache hit
2026-01-31T12:04:34.611478,INFO,auth,Cache hit
2026-01-31T12:04:34.812460,INFO,payment,Request OK
2026-01-31T12:04:35.013327,WARN,auth,Request OK
2026-01-31T12:04:35.214608,INFO,search,User login
2026-01-31T12:04:35.415809,INFO,auth,Request OK
2026-01-31T12:04:35.616751,INFO,orders,Cache hit
2026-01-31T12:04:35.817991,INFO,payment,Cache hit
2026-01-31T12:04:36.019859,WARN,payment,User login
2026-01-31T12:04:36.220763,INFO,search,Request OK
2026-01-31T12:04:36.422551,INFO,auth,User login
2026-01-31T12:04:36.623606,INFO,orders,Request OK
2026-01-31T12:04:36.824582,INFO,search,User login
2026-01-31T12:04:37.025573,INFO,payment,Request OK
2026-01-31T12:04:37.226795,INFO,auth,Cache hit
2026-01-31T12:04:37.428457,WARN,search,Cache hit
2026-01-31T12:04:37.629635,INFO,search,Cache hit
2026-01-31T12:04:37.830731,INFO,auth,Cache hit
2026-01-31T12:04:38.031554,INFO,payment,Cache hit
2026-01-31T12:04:38.232749,INFO,auth,User login
2026-01-31T12:04:38.433543,INFO,search,Request OK
2026-01-31T12:04:38.634767,WARN,payment,Request OK
2026-01-31T12:04:38.835279,INFO,orders,Cache hit
2026-01-31T12:04:39.036767,INFO,auth,Request OK
2026-01-31T12:04:39.238126,INFO,orders,Request OK
2026-01-31T12:04:39.440038,INFO,orders,Cache hit
2026-01-31T12:04:39.641213,INFO,search,Request OK
2026-01-31T12:04:39.842226,INFO,search,Request OK
2026-01-31T12:04:40.043335,INFO,orders,User login
2026-01-31T12:04:40.243991,WARN,payment,User login
2026-01-31T12:04:40.445132,INFO,orders,Request OK
2026-01-31T12:04:40.646342,INFO,payment,Request OK
2026-01-31T12:04:40.847493,ERROR,payment,DB failure
2026-01-31T12:04:41.048109,INFO,search,Request OK
2026-01-31T12:04:41.249380,INFO,payment,User login
2026-01-31T12:04:41.450325,INFO,auth,Request OK
2026-01-31T12:04:41.651752,INFO,search,Cache hit
2026-01-31T12:04:41.852266,INFO,orders,User login
2026-01-31T12:04:42.053432,ERROR,search,DB failure
2026-01-31T12:04:42.254338,INFO,orders,Cache hit
2026-01-31T12:04:42.455610,ERROR,auth,DB failure
2026-01-31T12:04:42.657063,INFO,payment,User login
2026-01-31T12:04:42.858415,INFO,auth,User login
2026-01-31T12:04:43.059710,INFO,payment,User login
2026-01-31T12:04:43.260636,WARN,payment,User login
2026-01-31T12:04:43.461919,WARN,search,Cache hit
2026-01-31T12:04:43.663497,INFO,auth,Cache hit
2026-01-31T12:04:43.864336,WARN,search,Request OK
2026-01-31T12:04:44.065204,INFO,payment,Request OK
2026-01-31T12:04:44.266337,INFO,orders,User login
2026-01-31T12:04:44.467672,INFO,auth,Cache hit
2026-01-31T12:04:44.668763,INFO,search,Request OK
2026-01-31T12:04:44.869669,INFO,orders,Cache hit
2026-01-31T12:04:45.070605,INFO,orders,Cache hit
2026-01-31T12:04:45.271591,WARN,search,Request OK
2026-01-31T12:04:45.473596,INFO,payment,Request OK
2026-01-31T12:04:45.675306,WARN,search,Cache hit
2026-01-31T12:04:45.876589,INFO,orders,Request OK
2026-01-31T12:04:46.077301,INFO,orders,Cache hit
2026-01-31T12:04:46.278093,INFO,auth,Cache hit
2026-01-31T12:04:46.479295,INFO,auth,Cache hit
2026-01-31T12:04:46.680524,INFO,auth,User login
2026-01-31T12:04:46.881688,INFO,auth,User login
2026-01-31T12:04:47.082954,INFO,orders,Request OK
2026-01-31T12:04:47.284129,INFO,auth,User login
2026-01-31T12:04:47.485359,INFO,auth,Cache hit
2026-01-31T12:04:47.686450,INFO,orders,User login
2026-01-31T12:04:47.888225,INFO,search,Cache hit
2026-01-31T12:04:48.089891,INFO,auth,Request OK
2026-01-31T12:04:48.290875,ERROR,search,Null pointer
2026-01-31T12:04:48.491654,INFO,payment,Request OK
2026-01-31T12:04:48.692748,INFO,orders,User login
2026-01-31T12:04:48.893377,INFO,search,Cache hit
2026-01-31T12:04:49.094108,INFO,orders,User login
2026-01-31T12:04:49.295427,INFO,orders,Cache hit
2026-01-31T12:04:49.496457,WARN,orders,User login
2026-01-31T12:04:49.697549,INFO,search,Request OK
2026-01-31T12:04:49.899196,WARN,payment,Cache hit
2026-01-31T12:04:50.099852,INFO,search,Request OK
2026-01-31T12:04:50.300501,INFO,payment,Cache hit
2026-01-31T12:04:50.501391,INFO,orders,Cache hit
2026-01-31T12:04:50.702336,INFO,auth,User login
2026-01-31T12:04:50.903093,INFO,orders,User login
2026-01-31T12:04:51.104000,INFO,payment,Request OK
2026-01-31T12:04:51.304749,INFO,auth,Request OK
2026-01-31T12:04:51.505589,INFO,orders,Request OK
2026-01-31T12:04:51.706440,INFO,payment,Request OK
2026-01-31T12:04:51.907439,WARN,payment,User login
2026-01-31T12:04:52.108474,INFO,orders,User login
2026-01-31T12:04:52.309638,ERROR,payment,Timeout
2026-01-31T12:04:52.510578,INFO,auth,Request OK
2026-01-31T12:04:52.712039,INFO,auth,User login
2026-01-31T12:04:52.913603,WARN,auth,Request OK
2026-01-31T12:04:53.114905,INFO,orders,User login
2026-01-31T12:04:53.316361,INFO,orders,Cache hit
2026-01-31T12:04:53.517398,INFO,payment,Cache hit
2026-01-31T12:04:53.718744,ERROR,orders,Timeout
2026-01-31T12:04:53.919788,WARN,payment,Cache hit
2026-01-31T12:04:54.120704,INFO,search,Cache hit
2026-01-31T12:04:54.321706,INFO,payment,User login
2026-01-31T12:04:54.523005,INFO,payment,Request OK
2026-01-31T12:04:54.723896,WARN,orders,Cache hit
2026-01-31T12:04:54.924787,INFO,payment,Request OK
2026-01-31T12:04:55.125451,INFO,auth,User login
2026-01-31T12:04:55.326188,INFO,auth,Request OK
2026-01-31T12:04:55.527405,INFO,auth,Request OK
2026-01-31T12:04:55.728625,INFO,search,User login
2026-01-31T12:04:55.929387,INFO,orders,User login
2026-01-31T12:04:56.130312,INFO,orders,User login
2026-01-31T12:04:56.331787,INFO,auth,Cache hit
2026-01-31T12:04:56.533008,INFO,orders,Cache hit
2026-01-31T12:04:56.733822,INFO,orders,Cache hit
2026-01-31T12:04:56.934430,INFO,orders,User login
2026-01-31T12:04:57.135218,INFO,auth,Request OK
2026-01-31T12:04:57.335955,INFO,auth,Request OK
2026-01-31T12:04:57.536641,INFO,payment,User login
2026-01-31T12:04:57.737683,INFO,orders,Request OK
2026-01-31T12:04:57.938409,INFO,search,User login
2026-01-31T12:04:58.139528,INFO,payment,User login
2026-01-31T12:04:58.341495,INFO,auth,Request OK
2026-01-31T12:04:58.542564,WARN,payment,User login
2026-01-31T12:04:58.744027,WARN,auth,Cache hit
2026-01-31T12:04:58.945798,INFO,search,Cache hit
2026-01-31T12:04:59.147163,WARN,auth,Cache hit
2026-01-31T12:04:59.348297,ERROR,auth,Timeout
2026-01-31T12:04:59.549423,INFO,auth,User login
2026-01-31T12:04:59.750675,INFO,orders,User login
2026-01-31T12:04:59.952317,INFO,search,Request OK
2026-01-31T12:05:00.153000,INFO,orders,User login
2026-01-31T12:05:00.353622,INFO,auth,User login
2026-01-31T12:05:00.554206,INFO,search,Request OK
2026-01-31T12:05:00.755020,INFO,search,User login
2026-01-31T12:05:00.956052,WARN,payment,Cache hit
2026-01-31T12:05:01.157555,INFO,auth,Cache hit
2026-01-31T12:05:01.359023,INFO,search,Cache hit
2026-01-31T12:05:01.560098,WARN,search,Request OK
2026-01-31T12:05:01.761670,INFO,payment,User login
2026-01-31T12:05:01.962572,INFO,payment,Cache hit
2026-01-31T12:05:02.163906,INFO,orders,Cache hit
2026-01-31T12:05:02.364908,ERROR,orders,Null pointer
2026-01-31T12:05:02.565855,INFO,payment,Request OK
2026-01-31T12:05:02.767408,INFO,orders,Request OK
2026-01-31T12:05:02.968244,INFO,auth,Cache hit
2026-01-31T12:05:03.169581,INFO,payment,User login
2026-01-31T12:05:03.370241,INFO,payment,Cache hit
2026-01-31T12:05:03.570692,INFO,search,User login
2026-01-31T12:05:03.771591,INFO,auth,Request OK
2026-01-31T12:05:03.972554,INFO,search,Request OK
2026-01-31T12:05:04.174174,INFO,search,Request OK
2026-01-31T12:05:04.375520,INFO,auth,Cache hit
2026-01-31T12:05:04.576044,INFO,auth,Request OK
2026-01-31T12:05:04.777389,INFO,search,Request OK
2026-01-31T12:05:04.978700,INFO,payment,Cache hit
2026-01-31T12:05:05.179648,INFO,auth,Cache hit
2026-01-31T12:05:05.381159,INFO,orders,Cache hit
2026-01-31T12:05:05.581807,INFO,orders,Request OK
2026-01-31T12:05:05.783248,ERROR,search,DB failure
2026-01-31T12:05:05.984107,INFO,orders,Request OK
2026-01-31T12:05:06.184907,WARN,auth,User login
2026-01-31T12:05:06.386044,INFO,payment,Request OK
2026-01-31T12:05:06.587508,ERROR,search,Timeout
2026-01-31T12:05:06.789165,INFO,orders,User login
2026-01-31T12:05:06.989961,INFO,auth,Cache hit
2026-01-31T12:05:07.190587,INFO,search,User login
2026-01-31T12:05:07.391562,INFO,payment,Cache hit
2026-01-31T12:05:07.592879,WARN,search,User login
2026-01-31T12:05:07.793810,INFO,auth,Cache hit
2026-01-31T12:05:07.994757,INFO,auth,Cache hit
2026-01-31T12:05:08.195595,WARN,search,Cache hit
2026-01-31T12:05:08.396038,INFO,payment,Request OK
2026-01-31T12:05:08.597129,INFO,auth,Cache hit
2026-01-31T12:05:08.798315,INFO,search,Cache hit
2026-01-31T12:05:08.999449,WARN,orders,Request OK
2026-01-31T12:05:09.200109,INFO,payment,User login
2026-01-31T12:05:09.401268,INFO,auth,Request OK
2026-01-31T12:05:09.602733,ERROR,payment,Timeout
2026-01-31T12:05:09.803603,INFO,auth,User login
2026-01-31T12:05:10.004302,INFO,search,Cache hit
2026-01-31T12:05:10.205394,ERROR,search,DB failure
2026-01-31T12:05:10.406155,INFO,payment,User login
2026-01-31T12:05:10.607107,INFO,search,Cache hit
2026-01-31T12:05:10.808513,INFO,auth,Cache hit
2026-01-31T12:05:11.010025,INFO,search,User login
2026-01-31T12:05:11.210875,INFO,search,Cache hit
2026-01-31T12:05:11.411632,INFO,payment,Cache hit
2026-01-31T12:05:11.613309,INFO,search,Cache hit
2026-01-31T12:05:11.814225,INFO,payment,Cache hit
